<?xml version="1.0" encoding="UTF-8"?>
<project-private xmlns="http://www.netbeans.org/ns/project-private/1">
    <editor-bookmarks xmlns="http://www.netbeans.org/ns/editor-bookmarks/2" lastBookmarkId="0"/>
    <open-files xmlns="http://www.netbeans.org/ns/projectui-open-files/2">
        <group>
            <file>file:/C:/Users/ABC/Documents/NetBeansProjects/Library%20nmanagement%20system/src/library/nmanagement/system/SearchBookIF.java</file>
            <file>file:/C:/Users/ABC/Documents/NetBeansProjects/Library%20nmanagement%20system/src/library/nmanagement/system/LoginIF.java</file>
            <file>file:/C:/Users/ABC/Documents/NetBeansProjects/Library%20nmanagement%20system/src/library/nmanagement/system/firstpage.java</file>
        </group>
    </open-files>
</project-private>
